GaiaDR3,VOSA
1792620565667968,0
6052403489630720,0
10844075163628928,0
11015044926034816,0
11963171843658240,0
16615171179593088,0
25501939551450880,0
30269452033850624,0
31265029748469120,0
35928500943041152,1
36876009385300352,0
44951132016854016,0
46608061680943872,0
56252977678408192,0
63139734399542528,0
64368713521485568,0
69784942159807232,0
69886853143994496,0
74703607425569024,0
78846635958426496,0
79376016447500416,0
80762260092162688,0
83757226686850816,0
84006403509432192,0
85707760314515712,0
93468972376758144,1
97013488627139328,0
99836961472298752,0
100734064176680704,0
101096662495962240,0
102622917779071744,0
102803104542235008,0
107344877838785408,1
107585292928397568,0
108002248353357312,0
115962815619380096,0
116691791828603136,0
120129277493243008,0
121824174666929024,0
125093503772825856,0
125893776439505664,0
127674641678296704,0
132944115577925504,0
133373444804991744,1
141428363911552384,0
142086971376178688,0
143510907654193024,1
146588028382865280,1
150218508402721152,0
150480505705334784,0
150610660393771648,0
162522700650966400,0
163016106492676352,0
163565999746075264,1
165712109004835712,0
165787700429000064,0
169258102725227008,0
170774775937432832,0
176164272695455744,1
176209799348981376,0
177389712764641920,0
181774221540061824,0
184468780942344960,0
189831438452843008,0
190164354254168192,0
190970433715259904,0
191727718051389312,0
195587076882426880,0
197796403761616256,0
199210757970191744,0
201146826149598464,0
205078336132788352,0
206657161813612288,0
217062978512976000,0
218951870771462144,0
219511728348315520,0
220091342774317056,1
220172981513287936,0
221005208733887488,0
221190923119953536,0
221375331836119552,0
225573267233289600,0
232217547284544896,0
234507383322003072,0
234861632224343424,0
235323736345986176,0
236173899353193472,0
236895144624064640,0
237133566847520000,0
237331822538478592,0
238611138677074560,0
239183090879100160,0
239492156726524544,1
240035968305378176,0
240432239167960320,0
240978868246214400,0
242105008671742976,0
242734753958329728,0
247823740446444416,0
252329740960393984,0
254631847728048384,0
275533323251882496,0
282512988705189888,0
287317953300908672,0
294818409307323904,0
295620885292213248,0
300019923940638336,0
304311150320629376,0
305426398708664832,0
306837892464925696,1
307987333088112640,1
309391787394140288,1
312628749626419328,0
314344331362996736,1
315709100170969856,1
316170482737881728,0
322575344128842624,0
324100121943178240,0
326009496898928896,0
326527401235564672,0
330722897089067392,1
331954247033853568,0
332606704106366848,0
333636534183932416,1
337748329714767104,0
341195058150383104,0
345949758745792000,0
346721341030064640,0
347453684494319104,0
351633546665907200,0
352951036474046848,0
355574058902192768,0
357580873780641920,0
360511037906831872,0
363795760175504768,0
364742852004132736,0
365002268028633600,0
365939429892433920,0
368263110278860544,0
368884712306195584,0
369573831218501376,0
369576820516013824,0
369621277722573568,0
371004673803838080,0
371711041304831616,0
374540943716955392,0
380338531092183424,0
380384779299991424,1
381370731998505472,0
382086995098288896,0
382781542850500352,0
384250868341348352,0
387470410185960192,1
387533868326227456,0
387661209812972928,0
387992437690797696,0
392840562417338112,0
392942881419391872,0
393589879591384576,0
394843322846749824,0
394991241522199040,0
395157267782903808,0
400211958948711552,0
401413450281523584,0
403769330040790528,0
404958378847936000,0
404959035980962944,1
407102392163968000,0
407322745461965056,0
408127652396870400,1
416348224099839104,0
416403783797286784,1
417343419561896960,0
419587969475052160,0
421328839978415616,0
423505288886486272,0
433769779680224256,0
434851149371030272,0
435211617384833536,0
438686001110484352,0
441838202167403776,0
455558286215251840,0
456417279675979008,0
488017140776849664,0
503632542352021376,0
504485110543295616,0
505063728541561344,0
548172280923344000,0
551708207239316352,0
552891694067107328,0
553641320479547520,0
557301216730452864,0
568173114690199040,0
569988137807051136,0
577615106369494528,0
577763368640517760,0
577999175230073728,0
578986163009656320,0
580372234855320064,0
585028765383068288,1
586043309672965888,0
587484528898551552,0
587900900208157568,1
593454670878796032,0
594542190958172032,0
595128265015393152,0
595523500790770688,0
595824702553000448,0
596634626009611392,0
597102541222525056,0
599294211494840704,0
601188910547673728,1
601444306482580992,0
602793579048797312,0
603097422215268736,0
603338210965969280,0
604238612204857088,0
604416389491246976,0
604474251290699776,0
607898538520616704,0
611587919724027392,0
611684298790301568,0
613219762482485632,0
615674873163301248,0
616743220508208896,0
619153556155078272,1
620566974057395840,1
627130616093753600,1
630767869277844864,0
633011250955383168,0
635660764741010304,0
637474168652578176,0
639171814606295424,1
647193232966817280,0
648029239761019776,0
648868682531670656,0
648899606296121472,0
649228871371933312,0
649989153600135680,0
650908345319118720,1
651674945442101760,0
651745279826458112,1
652226384884390016,0
654222239006166656,0
654866823401111168,0
655674865665718656,0
656428099850193664,0
657873717121550976,0
658178762878529024,0
661156102927711104,0
662146419308286976,0
662771594747150976,1
662848247026938240,0
663084577604389760,1
663802902294594944,1
664631178147534720,0
666988874675710464,0
667052165313596032,0
671353867118310528,1
673296699867377024,0
675213084211549696,0
675664193216392704,1
677388055649732736,0
677934238056557312,1
678116344664890368,0
680914734899282560,0
682305655764689408,0
683766356962547840,0
687691269876173056,1
689367475352913280,0
690001549964561792,1
690346315579638656,0
693709343690705152,1
694109462844643072,0
695059062934110592,0
697406932576439680,0
697707958245002880,0
700362419831670016,0
701197911230156672,0
706760168755893888,0
710337051880367616,1
711773838699959296,0
719606175420853888,0
723000539612586752,1
727435316684008832,1
729598330934052480,0
732692631532422528,0
739156243780100352,0
744087553430501120,0
758401167599602304,1
759447151050019584,0
769397353324856448,1
783541848870827264,0
785814333240812544,1
785980977968930560,0
786220877662239488,0
795785941630955392,0
795959630108543232,0
800799439774706560,0
802020653597763584,1
803736166614876544,0
805690720332579456,0
810691780249660800,0
810807778726301952,0
818937017945804160,0
822945768622050048,0
824447697209172096,0
828120310859359104,0
832788184395879424,0
833223213044650240,0
836644480912524288,0
844818765749387392,0
846070525377462528,0
849277216680457600,0
859683853719128192,0
861131120258998656,1
862792310530019328,0
868529562204066688,0
868817943488022016,0
869050009160765056,0
869167966142655616,1
869890070404469760,0
871356544038051712,0
872072016870129024,1
872322087046515840,0
873233784048233344,0
877431345781684480,0
877744947113226880,0
879166065892619904,0
879823195888098560,0
880252005422941440,1
882087811884800896,0
882125367078828672,0
883309884699633280,0
884393900085830144,0
885963418573729792,0
887620515740571264,0
890152695314991488,0
895907607894131840,0
898625493262383104,0
900899734281274112,0
902154929884483456,0
902948090084293632,0
905650346067635968,0
907291264093243520,0
909317797165729024,0
910825369342312320,0
911573758803336960,0
921064055980216320,0
921311411737108480,1
921531554580422016,0
922207131460711040,1
923503803562868608,1
927227948229851392,0
930163614211158528,0
930769616916994048,0
932581646439511040,0
933799149409100160,0
935406944646293376,0
937248901501446272,0
937565831431448192,0
940739915343553664,0
940834164104723584,0
942463434178440576,0
943819308110646144,0
944002617314641152,1
944390774983674496,0
944892878136403712,0
946335952787500672,0
948264290024452224,0
948767385313600128,1
949617548319629824,0
950627174872167808,0
953141929764017408,0
958032042088084992,0
960904069540367232,0
962707642270976128,0
963881581386403072,0
964071899977558784,0
964250914214814336,0
968154867688361856,0
968469534172491648,0
973652013509753600,0
976789229421149312,0
981727582818800128,0
982729822026188928,0
983992164455024512,1
985850201666717312,1
986254272189606656,0
986474685615378816,0
988436459174352512,0
992534888766785024,0
993122779593859584,0
993265067567138432,1
995383482875359744,0
995594898345623168,0
997207297787944064,0
999261490450160512,0
1002864074658491648,0
1003095045116459136,1
1007272536467408384,0
1007738557598844544,0
1008782681328282112,0
1027196919815890560,0
1031713889677183360,0
1032088994940884224,1
1039246845702047360,0
1040155596358316160,1
1042158494227683072,0
1043176057879022336,0
1053635986871988096,0
1059785555405762432,0
1063290867195382784,1
1063343849911907968,1
1063572032933888256,0
1063845021055181440,0
1069105290840804480,0
1073281476521799296,0
1075984763296931456,1
1079203033831536000,0
1079494159598957952,0
1086478463617600256,0
1087311897726839808,0
1088594031363950592,1
1090955885420336128,0
1094879011629873920,1
1097050512732828416,0
1102107819544067456,0
1109216024779190016,0
1109356620531902464,0
1112369836444375808,0
1120795222249055488,0
1123423639154702464,0
1126589201849910656,1
1126837931996134656,0
1128175247373543168,0
1133031618434371072,0
1133844535484817152,1
1135587497636732672,0
1136783049029916288,1
1137558307806394240,0
1142701823200960512,0
1142767759538804608,0
1143749073667258240,0
1145233586163217664,0
1157530283689218688,0
1159067504023867904,0
1160486522563096192,0
1161864283648012160,0
1163254581741562240,1
1165536789924111616,0
1165815825359631232,1
1165963744033018496,0
1167834597427267456,0
1171708967165771392,0
1173045457908931072,0
1173616997796784384,0
1174686753891138304,1
1181028908759001472,0
1188933362275187200,0
1189114339315021184,0
1191689807863866112,0
1191985885728851328,1
1196375273586921472,0
1198927755470384128,0
1201659389029469184,0
1205683464147877120,1
1206155188995958784,1
1206171681670509568,0
1206214356465503616,0
1206447693448896128,0
1211366667953907328,1
1211503282272546432,1
1213655159671693056,1
1215384730117100032,0
1215393732368391936,1
1220195948186053760,1
1220934996098999552,0
1222767813259931776,0
1223920926079402112,0
1224427182464055680,0
1224827748294596352,1
1225176323543428736,0
1225417739360402048,0
1228629618983512064,1
1231024630186706944,1
1232778626111037184,1
1234322477875249664,0
1234828283288291840,0
1236267410865602304,0
1237226700401153792,0
1239364769480858496,0
1240306604269576704,0
1240449403342559360,0
1240669924143182592,1
1242599704488616704,0
1242834931257532032,0
1243253467230351360,0
1250382352732030592,0
1250821027807431040,1
1255912556917971456,0
1257145727928011904,1
1260829538557560960,0
1260997037986811648,1
1261013053920006784,0
1262244399569206016,0
1264108144792924160,0
1265072107253012096,0
1265220747481130880,0
1265849771211171328,1
1266451513309671296,0
1267342736203088128,1
1270423258548105728,1
1274227981096283008,1
1275262415380252544,0
1280665965273152000,1
1281101268798929152,1
1283953333241515520,0
1292888067809406720,0
1292915830478091008,1
1296418427846820608,0
1297012679521799552,0
1297746981491158272,0
1297946371053374592,0
1300121926607765760,0
1300318189433312000,1
1301798784919091712,1
1301900627183028864,1
1302029716720773248,1
1302449042967968640,0
1304379201270414592,1
1304442113951445120,1
1304442457548991360,0
1304445275047376640,0
1305126525580012672,0
1306498097616031744,0
1306739646577338368,1
1306828397780993152,0
1307226936386308480,1
1307252843628956672,1
1308678016856993920,0
1308731137012654464,0
1309190183117130240,0
1309437641952913920,0
1311664634035338240,0
1311811590635777280,1
1312436456838082176,1
1312562453998303360,1
1312842039189917952,0
1313140659676082560,1
1313370663765104512,0
1313444468482681984,1
1313457147225909376,0
1314330017723952000,0
1315765159572132224,0
1316998296222144768,0
1318236621192489216,0
1319053146015474688,0
1320499794080097920,0
1320813464131916416,0
1326422863218478592,0
1326905132210544512,1
1327036803023683712,0
1327056662952543232,0
1327508145619011840,0
1328205893121859328,0
1332004327838630272,0
1332021473348107520,1
1332156747638095488,1
1332896306646572160,0
1333535634003198848,1
1335706688430827008,0
1336626880880309248,0
1337242538672314112,1
1337803736279119616,1
1337855099791936768,0
1338462275026502400,1
1338485777087459072,0
1338830473983021184,1
1339262650770064512,1
1339965651017044352,0
1342607330782394368,0
1344362628081417344,0
1344412831954515072,0
1344977912211651456,0
1345049483546987904,0
1345187540975203584,1
1346490462254006656,0
1347406114922105472,0
1349088676950060672,0
1349089226705872000,1
1349954611076184704,1
1350113181268869632,0
1350139638267524608,0
1351960566961750656,1
1353479675418573568,1
1353948655783762816,1
1354579844177083904,1
1355440864860926848,1
1355775219474985856,0
1356777767921294976,0
1357192730481600000,0
1359746036999738496,0
1360139937040515072,0
1360142372284959360,0
1361629637856575872,1
1362129709489294208,0
1362888819188840320,0
1363886900869046656,0
1364478541203752192,0
1365071418489267584,0
1368015532671476736,0
1368077582064321152,1
1368415548745660160,0
1369049829516110336,1
1371932096168505984,0
1373881186687373696,0
1374058963973357696,0
1374324770909412224,0
1375081784665146496,1
1375922567463461376,1
1377363821048984960,0
1377891689708857856,0
1378348017099023360,1
1378395575272278272,0
1379038445977180928,0
1380875729907633408,0
1380974582874497280,1
1381954385173920640,0
1383048811559130240,0
1385063700978386944,1
1385361084513370368,0
1386779695031270656,0
1390836583700955264,0
1391344214475144832,1
1392509383267441536,0
1393235511913580800,0
1393813545792191360,0
1393840002790784384,0
1394116942282089344,1
1394450575341582464,1
1394581623383963264,0
1395387531047157248,0
1398287767843592192,0
1399067763969254016,1
1399993557054575232,0
1400555201338170112,0
1401013109275004288,0
1401621384019650560,0
1403149533383468928,0
1403332980026359424,0
1404827731724827776,0
1406207412659636480,0
1408382624616093312,0
1409811195162282496,0
1410063571736477568,0
1410860511508492288,0
1412485039938255232,1
1413338325384928128,1
1413662788690638848,0
1414187320160273024,0
1415334802278835456,0
1415965230462194048,0
1415985678802835072,0
1416603466898656384,0
1419133610657016064,0
1421032746411950336,0
1423575401411054464,1
1424736794927164544,0
1425053900952815104,0
1425987175870116864,0
1426177430038053888,0
1426426327686319360,0
1426527177814505600,0
1427678435208512384,1
1427969118595251072,0
1429989432555249920,0
1431561841558013440,1
1432613490070627584,1
1432782883580373504,1
1433879818228293632,1
1434022067544616576,0
1434391159854454144,0
1437454188795350912,0
1437520816623538048,0
1437842041522004992,0
1438423824907522688,0
1440246986985570176,0
1444243093276400000,0
1448411410577062528,0
1449056067988016128,0
1449575655951553408,0
1450983271353426048,1
1451833434359977216,0
1452740084776034944,0
1454323415879594368,0
1460356814139885568,0
1460632997716192000,0
1460692714941449728,0
1460730407575030656,0
1461140216174118016,0
1463697233542956672,0
1465043619891174016,0
1471988375850922368,0
1473687671071803520,0
1474359575755115136,0
1476298186553761664,1
1478424229724415104,0
1482924663959981696,0
1483803349845846400,0
1485199008058786688,1
1486741519792600448,0
1489569772937523840,0
1492192692285509376,0
1495299843425776000,1
1495329392800826624,0
1495942160078351744,1
1496895818913504512,0
1497519997920400256,0
1508050123858921216,0
1512089626500587648,0
1517524890432603520,0
1524668864155792768,1
1525430172878622336,0
1532409357294653824,1
1534536701840624768,0
1536809808987373824,1
1540495440685138432,0
1540815913964920448,0
1543006141129419648,0
1544410045677548288,1
1545548280734839936,1
1550490241899314560,0
1552221800914196480,0
1553487166999658112,0
1554816510916988544,0
1561116845686660352,0
1564081030251770752,0
1568451554613870848,0
1568569889552108800,0
1570270249924113408,0
1570548009752602240,1
1572188107440718848,0
1573011744729727104,0
1573490719481398016,0
1575432697534110336,0
1583302860031730048,0
1585277243613047936,0
1589826095016002432,1
1590388529573233536,0
1590723949339489024,0
1590839294981400704,0
1591755325606144640,1
1592412936639159424,1
1592429562456407424,0
1595357428778377344,0
1604107479750791552,0
1605239049014274560,0
1605724311599744640,0
1610502101938798592,1
1611954625518358272,0
1613918284566113152,0
1615596448547786496,1
1616611675737469184,1
1616839343363866752,1
1621110911677590272,1
1624316430453434880,0
1624385841420963840,1
1624436212797252480,0
1625482634333259904,1
1627040062490757120,0
1629425796564620160,1
1631599702851400448,0
1632316034677934720,0
1632504772720376320,1
1634908820534152832,0
1635443217545772800,1
1637761847049851392,0
1637779336156895360,0
1638168150956008320,1
1638944818481870848,0
1639437021733793920,1
1639966608381889664,0
1639999937328089088,0
1640097759502807936,0
1643840428364277248,0
1647303168437152128,0
1648476656582002176,0
1649681996203766656,1
1650122762927286656,0
1654392643319054464,0
1655490716133145216,0
1659750327258228352,1
1660055029417965952,0
1660450887963595392,1
1660591797250581888,0
1662618815655804416,0
1662849232061173248,1
1666275653890915328,1
1671349350297566976,0
1672368975533354880,1
1677696830924518912,1
1681310444608684928,0
1684501433510930304,0
1692116238728076544,0
1698807935214184192,0
1701053481555512192,0
1702509887785603456,1
1706648552633207040,0
1706750635415036288,0
1710904418546053632,0
1721853419758839424,0
1724609414373827072,0
1729653290822954880,0
1731435633531386752,0
1731490128076542976,0
1733071908696066176,0
1734533812483812736,0
1734921287254144640,0
1735100065268826880,1
1735991253803944960,0
1736277229904971520,0
1737015070927018368,0
1739298997095482240,1
1741581170917641728,0
1741911299283825408,0
1742021628404121600,0
1742687073456928512,1
1745058135922732544,0
1745787146491359104,0
1745828481256730368,0
1745849337621677184,0
1746789866736764800,0
1747471392148095232,0
1749434329641481728,0
1751329750248988544,0
1754922370133351424,0
1755143024075390208,0
1756279128824638848,0
1758993857393963776,0
1759463868550744576,0
1759968097711823232,0
1760662130066900352,0
1762118192700900736,0
1762434023119371264,0
1762904476658229504,0
1763211279056787968,0
1764049003837694720,0
1764138098639251456,0
1764538080353570176,0
1764708332857425024,0
1768493259900525312,0
1769034155197254144,0
1771893980645039616,0
1772138591918813056,0
1777173805417611776,1
1780738112877673856,0
1781080159778185472,0
1782619686510352128,0
1782717886642757376,1
1783474797319468032,1
1783628003096502144,0
1783691847786812288,1
1784210022709279616,1
1786272195418292992,0
1787066145893240576,0
1788269453995964288,0
1789840488608448640,0
1789867186124831616,0
1790305753825533312,0
1790336673293954176,0
1790470508770502144,0
1790728894004387712,0
1792255325381143040,0
1793956957063518080,1
1794184349811337728,0
1794971943734173056,0
1796522152051048064,0
1796648870766546944,0
1797986937760585600,0
1798549715915714176,1
1799422182690088960,0
1804505912140447104,0
1804943479113035136,0
1806906627074342016,0
1814389009845462400,0
1817266534856772096,0
1818734245446134016,0
1829041204887324416,0
1830964388160536064,0
1832976906773684224,0
1833281127895263872,0
1839676849570436992,0
1840008592843989888,0
1841099308379288960,0
1842589593311763072,0
1843855509154985472,1
1845383692878107392,0
1850084998438797312,0
1852616039853485824,0
1858674589447492608,0
1864830136570923904,0
1867119354139385984,0
1868767831308190976,0
1869491859722639872,0
1869904107861540864,0
1869910636212423296,0
1870606730148932224,0
1874512813911445888,1
1875117437931788288,0
1875278658119889408,0
1876904938896587008,0
1877320760449993216,0
1878151338406148352,0
1879544900675463552,0
1880674648872164224,0
1881671180067646080,1
1881776668761026688,1
1883194592084504192,0
1886200725594365568,0
1888217298640930176,0
1889631201873127424,0
1890677009230168704,0
1890817059523265024,0
1891098500140100352,0
1891930796082743680,0
1892475088698125824,0
1893638956115949952,1
1894911640824988288,0
1895921782775308288,0
1897151272994229120,0
1897333280825678208,0
1900710357773768448,0
1904345106994620672,1
1908586816697297536,0
1908933472097863808,0
1909037887044868864,0
1911572540520290048,0
1912906626082386304,0
1915148289773812352,0
1915346403727521408,0
1920513288042722432,0
1921168528251457664,0
1921647365565409280,0
1923590271333313792,0
1925102065461764608,0
1925782766239946624,0
1926435017152243328,0
1926772773380639360,0
1928424823960328192,0
1928530892472855168,0
1928707776405891712,0
1928721966977837184,0
1929173591378826240,0
1929874942357995136,0
1930816605348389248,0
1930945626165804032,0
1931775516926570112,1
1932365679793458560,0
1932829364462415488,0
1934660360560498816,0
1934910499455947904,0
1936576053412987648,0
1937879932466496896,0
1938415467647384960,0
1942735689352706560,0
1942976825995869824,0
1943083135027575936,0
1943912201155491584,1
1944738965178800384,0
1946937541760735872,0
1952553606634620928,0
1953965379566626816,0
1955730782921780224,0
1956090907339382528,1
1957733813929462016,0
1958186782659396480,0
1960725039616547712,0
1962471510753821312,0
1964903763617638656,0
1970289725639077120,0
1972625019602949504,0
1977291346957976320,0
1985886916540915968,0
1987963653489961088,1
1989386181016743040,0
1991400825612971520,1
2000888378318426496,0
2002880555945732992,1
2004114070560436736,0
2026104646738300416,0
2032339977192239616,0
2035949227149107968,0
2041883531914920064,0
2048109069842534912,0
2048434490916786176,0
2051075169943749248,0
2051078026104444800,0
2051078953817324672,0
2051770507972278016,0
2052662903395436672,0
2052684550030830464,0
2064522751202948992,0
2076819620539690880,0
2077927619019716096,0
2078810629937147264,0
2079009641541181312,0
2079522048319286528,0
2080063931448749824,0
2082064806400098304,1
2086441927825846656,0
2087279412086276224,0
2089529322115136128,1
2092525388221505792,0
2095370374556456192,0
2095803474760504576,0
2099149567821051904,0
2100027626635533056,0
2100269076815013376,0
2102571625963609472,0
2102745688098547840,0
2102879347479874176,0
2102914673590761472,0
2103044549103238912,0
2103959862471941632,0
2105065043456060032,0
2105469320138052864,0
2105662250069297920,0
2108640208592235392,0
2109628119789697024,0
2110282844604389760,0
2110538446697630336,1
2110657846788700288,0
2110808101924045056,1
2111414615727863296,0
2111780001483834752,0
2113253415783313024,0
2113506200378734848,0
2114337293729638528,0
2114626499648169984,0
2116457667543853184,0
2116808961511821312,1
2119031692986023168,0
2119622714845280000,0
2121507140335079424,0
2121513531246427392,0
2124662704347202944,0
2125895669204184832,0
2126511670593504256,0
2126553108436457856,0
2126592038020508928,0
2127335651477025408,1
2128554563197280512,1
2128836553569442816,0
2129102978980441088,0
2129130844728397568,1
2129393215689972224,0
2129624078772260736,0
2129739699292289152,1
2129777323205768448,0
2130473176626619136,0
2130941976600291456,1
2131141160001998976,0
2134814873168131200,0
2135353702585217920,0
2138460024791284352,0
2138663782338254464,0
2138776379201191936,0
2139043423087649536,0
2139791773889873280,0
2141227053178746880,0
2142748983429920256,0
2144511672368316672,0
2144566678012121728,0
2144578158461485568,1
2145610428081224320,0
2147603597846899968,1
2148297393980910848,0
2151301534625728768,1
2154234138295606272,0
2154810316748450432,0
2160160432952810496,0
2161357496174183936,0
2182023160826160000,0
2185066123669404800,0
2185808122219021056,0
2188320544948282368,0
2189937617317072640,1
2219925315203706112,0
2231371476055090304,0
2236864567429295616,0
2239107914746074624,0
2252213921550077056,0
2253326146279942144,0
2253612259822558848,0
2256427005291588864,0
2256432335347693696,0
2256432438426909952,0
2257020574070558464,0
2257685194490203264,0
2259393595039224960,0
2259626279187460608,0
2261817262264874752,1
2262558195662392960,0
2262587332720438400,0
2266873808864525440,0
2269474398679245312,0
2278225441787850752,0
2288930944128285696,0
2290960161556196352,0
2292094376519596800,0
2294708568494161408,0
2296351337648654848,0
2297889558713251840,0
2300497428494312960,0
2305063077513293824,0
2305973889752979712,0
2308739470734290432,0
2309051251000258048,0
2309587292982876544,0
2309702230603610112,1
2310990067957231872,0
2312392250224668288,1
2313130542218587008,0
2314378453556691456,0
2325452867814971136,0
2326356155272564480,0
2328770270489756288,0
2330170494252223104,0
2333105610478918144,0
2333646741998127744,0
2334637573773801216,0
2339774698257101312,0
2340182479632226560,0
2346378708690580096,0
2349703391334814336,1
2359892221992225152,0
2360127276962361856,1
2367957861336489984,1
2376181692916635520,0
2401334945546768384,0
2401757982645492608,0
2415007505781366528,0
2415730473332601088,0
2418401530673886080,1
2454782201477697792,0
2455641680268793472,0
2460444003461129856,0
2464225670625598720,1
2466635147278682112,0
2472857936415651840,1
2474030943524240256,0
2494793708785433344,0
2503706418759709184,0
2507305841871897216,0
2514278566658235776,0
2514877040285455872,0
2533806305483837440,0
2534437287719752320,0
2537182630815412736,0
2537690089791382656,0
2542201695238975232,0
2547139876837313920,1
2550973079312403712,1
2551900379931546240,0
2553323049193849856,1
2554377961881706240,1
2554910434747250944,0
2560685069816099968,1
2581810261598516096,1
2582106305105033216,0
2585744516065582848,0
2588387849393475840,0
2590919234398332544,0
2591218881381484928,0
2592234628262141312,0
2596877659707888896,0
2599778132726704640,0
2604650485361932672,1
2610429514181981056,0
2610790020852492800,0
2614428717145471616,0
2617039266987434624,0
2617615578584232576,0
2617897706395293568,0
2619725923649948928,0
2626098280727562496,0
2634058882351683968,0
2658558745902475904,1
2667060345902265728,1
2667642399870553984,0
2667715001997395072,0
2668170676552145408,1
2668680716803946496,0
2671953065271981952,1
2672261276419753600,0
2672744889737655424,1
2674375602920684032,0
2674696247998989184,0
2679230771390593024,0
2680574649477853952,0
2682107811068484224,0
2682170350087374464,0
2683585696429935488,0
2684009283284602880,0
2686048087080526464,1
2687870218366060416,0
2688012605121741312,1
2689621671669850368,0
2689804736060521728,1
2690647825256267264,0
2690967057290240000,0
2691081097260836480,0
2691204212499446272,0
2691867011851791744,0
2691890784495579392,0
2693553005559022848,0
2694805697195721088,1
2698151304920775936,0
2698467586312353408,0
2698543280816056448,1
2698679998215051264,0
2703600484547535744,0
2708400230759920768,0
2708593190755449728,0
2714253549630034176,1
2717582699040219392,0
2720582235480260352,0
2725882156404263808,0
2726234996557458560,1
2726462767263155840,1
2727702466623387648,0
2728427319664072704,1
2729936846049609728,0
2731836527264665856,0
2734200064947455232,0
2740514903824114944,0
2748460627681818240,1
2750667003920099200,0
2757798676856242432,0
2759524875752678656,0
2763383921048345088,0
2765454164004531328,0
2766032919436757504,0
2767874292175410560,0
2771509999172112896,1
2772359715502793088,0
2774038154361038976,0
2774528880143880960,0
2776326474280672896,0
2778355352407184128,0
2779870135832977152,0
2779906694594683264,0
2784332018443668608,1
2787001740049356032,0
2789705885818660096,0
2792535543417139712,0
2797051138888605568,0
2797293512483062912,0
2799828092943294720,0
2800515322070491008,0
2801217974425183104,1
2801277176253968640,1
2801448085887897216,0
2804022317486406656,1
2805016413436835200,0
2806716288482418048,0
2808769596378258048,0
2809421366255514112,0
2812519549504413568,0
2812551023024830720,0
2813823634719060352,0
2822672611674887296,0
2823151036672049280,0
2824170971146102144,0
2831416684052805632,0
2836486532168853760,0
2836713031563656704,0
2837982520817733376,0
2840086642476057600,0
2842756875183230976,0
2845777233625133440,1
2846162921688127360,0
2846319155418023424,0
2847977322031768832,0
2849938472818734720,0
2851511427281425536,0
2853416606054349568,0
2854091981071865344,0
2854516976675734144,0
2857359660909486080,0
2858607022491460096,0
2859002017748155776,1
2859056963265425664,1
2862194144817359872,0
2862287843823854848,0
2864774251932462336,1
2865152071616389632,0
2865951519648132608,1
2867351232309468160,0
2868734963397148672,0
2869671442362692480,0
2871378846483069184,0
2872454748672529280,0
2881551562420806784,0
2899570977454318336,0
2901209318498381952,0
2906636679691633920,0
2907300509837552000,1
2909401745277447808,0
2940254694388783104,0
2941993086693170176,0
2942136130582820096,0
2955024915120070272,0
2955528491445581568,0
2961224786311547264,0
2961366588952039552,0
2962347525123533184,0
2969691060204193792,0
2972573567376494976,0
2974875635487249280,0
2975366979747110016,0
2978785258317207168,0
2980346221231437696,0
3007619194841792640,0
3037891155139776128,0
3060798513530161920,1
3061893528332536192,0
3063581068223451904,0
3064838810741596416,0
3065764904474702720,0
3065952959618065152,0
3068507812327598208,0
3068744791442939904,0
3071397878637938304,0
3072185163322482816,0
3072637990315089024,0
3073231760953563264,1
3073641569552516864,0
3077510098136276480,0
3078888851357039360,0
3079803129635422592,0
3080005199256969984,0
3080057529138425728,0
3083502981967969664,0
3086639377543638528,0
3087329321090653824,0
3089571878131969792,0
3094948627431806464,0
3095093419370170368,0
3096564462848659328,1
3097524714456788992,0
3110617320967303680,0
3117010293884948864,0
3129475762151272448,0
3131204469305148288,0
3135525623021849088,0
3135810671409226368,0
3137359161740102656,0
3139042514040855296,0
3139698956841267456,1
3141525486172958336,0
3143342600936696960,0
3143746568381405056,0
3144058245567712512,0
3145755479203737856,0
3146147626897495552,0
3147125024015454976,1
3148758039302713984,0
3150348448510621696,0
3150707232898463616,0
3152255890729006848,0
3152400171567834368,0
3154729899269006336,0
3157919887443293952,0
3157967411257049728,0
3159937564294110080,0
3160522848078571008,0
3160786559070298880,0
3161497015379649280,0
3164383748798177792,0
3165739820296546176,0
3167124522048560128,0
3167198906585261312,0
3168540211988309760,1
3170114884438433152,0
3171090975885713920,1
3171853727717442432,0
3176695152292552704,0
3177835483289799424,1
3177884239758742016,0
3177911143433871744,1
3180048009922306176,0
3186317459583337088,0
3187781699833909888,0
3199929963290834432,1
3200857538788110080,0
3205579387177651072,0
3206215733828216960,0
3206674676854713344,0
3221394624991995648,0
3224977113050048896,0
3225359193340812288,0
3235418590863327744,0
3236488827993523584,0
3238343944629923456,0
3244525673877070976,0
3247126018877051392,0
3253550426661848960,0
3255780171819962496,0
3259060049366022400,0
3259569020169965312,0
3266182479530739328,1
3271319569656540672,0
3277163027281005952,0
3280760148290124544,0
3281870929912521984,0
3287144634355536768,0
3291164582009541376,0
3299455110137611776,0
3302502234815943296,1
3302955130527310464,0
3303143628052101120,0
3308504159554650368,1
3308791681845675136,0
3308929464395407104,0
3309622259800652928,0
3311181332928254464,0
3311822554365339776,0
3328247780618525568,0
3329611552994806272,0
3330105641733251840,0
3334223901191558784,0
3337829131099252480,0
3340527779312131584,0
3340622921426651648,0
3342199204486994048,0
3344349578650746880,0
3346423532459289088,0
3346893264443563776,1
3348217694917419392,0
3348405157352739200,1
3350560685476251648,0
3352835983053282304,1
3352890447538648064,0
3355897092143865088,0
3358122782854938112,0
3361273433424723712,0
3362730178953977472,0
3364990572999194880,0
3367249485278272000,0
3368172319132367104,0
3372847992330852352,0
3373814561832902272,0
3373940219694568576,0
3376012799112785408,0
3376468958998845312,0
3376639486380091008,0
3377315754750660992,0
3378155777335873664,0
3378454092881858816,0
3381156177066288768,0
3381286602335612416,0
3382340316731002368,0
3385442588787812096,0
3386622158606040960,0
3386721595688088192,0
3388118112893920000,0
3388371103647349632,0
3390235531771243904,0
3390739005017699968,1
3391535047139915264,0
3393408962846662656,0
3396486324095591040,0
3396876131029433472,0
3397199529183763072,0
3398598348493762944,0
3398852881140229632,0
3398928751737464192,0
3400347392320018176,0
3400623129219934336,0
3400946935393688576,0
3403657609512772096,0
3404512445445532928,1
3405118997904684032,0
3406444218653682560,0
3406506723313874688,0
3407876749162251648,0
3411847601045302144,0
3412036236008926464,0
3424202297812639360,0
3425561981379261184,0
3431631727942970240,0
3433651805682659200,0
3434099173772378112,0
3435087188048765440,1
3436238720320660224,0
3439296187280018432,0
3439445854003662592,0
3440046359151100032,0
3440429607672656512,0
3444598749605672064,0
3448218449263806080,0
3451217092350738944,0
3452237404778065152,0
3452480293768439296,0
3452646281368418304,0
3452740362628172160,0
3452919960980353920,0
3455626713794023680,0
3456632255835216640,0
3457951566709510912,0
3466633619758388224,0
3469738430140902144,0
3469982934038816256,0
3470880891441567232,0
3472215668493007360,0
3474474890010160128,0
3474722314486260480,0
3475928100784618880,1
3476266612927121536,1
3476365637693166208,0
3476777370437869184,0
3480257118581836544,0
3480643115883081344,1
3483874511838342912,0
3483984875317814272,0
3485687950109280896,0
3486707300467202304,1
3487720088115258368,0
3491327036010028032,1
3492894630353584256,0
3495325684921885184,0
3495516037872323840,1
3496411177778539776,0
3496979934525510016,0
3497627959191030144,0
3499531901013545984,0
3499721974790782336,0
3502992201544982656,0
3503213714482694912,0
3503906922204809216,0
3505433564035282816,0
3505914256775083776,0
3505965143547709440,0
3507799296445833856,0
3509408539087933568,0
3512505141788909696,0
3514357333549414784,0
3514594587542823040,1
3515136788510166400,0
3516358930044179840,0
3517127900988821504,1
3519770542826793600,0
3519960723978365568,0
3522196890110946688,0
3522961291210557440,0
3523014858042510080,1
3524282212696623488,1
3525433405666659328,0
3527057758002518016,0
3527070509760831360,1
3528050174621543296,0
3531035623569515776,0
3533727090595727104,0
3533771483377743104,0
3535825542897121664,1
3536592383538238848,0
3537596787409915520,0
3540092300847749760,1
3540845500672460544,0
3541588323856330880,1
3543486596321694208,0
3545315427756008320,0
3546002828682653824,1
3547508266258783104,0
3547913225838503808,1
3548370214655310976,0
3548859462969586816,1
3549863282726168576,0
3550847517432042240,1
3551672013713898880,0
3557005882058319104,0
3562979734890354176,0
3566879187238687872,0
3566907671461809792,0
3567099227002641536,0
3568958157569120512,1
3569953348734111744,0
3571458820671315456,0
3573130082641947392,0
3574038760282477952,0
3574711931980454528,1
3576528673082072320,0
3581786022290774528,1
3584539233766055296,0
3586563022356827904,0
3587307288649776000,0
3595172468983659776,1
3598151393876907904,0
3600365496761173504,0
3600739335011156992,0
3603428190695926912,0
3606391855569314432,0
3607183847538437248,1
3607214938805908480,0
3607697388188069376,0
3607830463454792064,0
3609527490932841344,0
3609766153675405696,0
3610193859403101568,1
3614281538692873984,0
3616978125319912576,0
3617957721460727808,0
3618903473259360512,0
3619217658707087360,0
3619709002965535488,0
3621978532404468736,1
3622606864644055296,0
3628235887437668480,1
3630560289378568576,1
3637481302758519040,0
3638888712001832704,0
3640722559958091648,0
3644661010608637440,1
3645920088861401216,0
3647329074356945152,0
3648191164488514688,0
3649606716989509888,0
3649963989549165440,0
3653238674478903040,0
3654573039213596672,0
3655309299687364992,0
3657799934042253952,0
3658738470295900800,0
3660172199098643072,0
3660503903717853056,0
3661331668469980416,0
3663871776553350272,0
3668499109893566464,0
3675067076961979264,0
3678715462701462144,0
3682304199935092096,0
3683849391728631424,0
3688563753991640832,0
3689536684343245312,1
3690648771635312512,0
3691534600049973632,1
3701283522977099392,0
3704162319296853120,0
3708157360436901248,0
3708604861669017728,0
3711881543758246144,0
3713067676286741504,1
3714909426982422272,0
3717383603022961792,0
3717793239823667200,0
3720655474749294592,0
3720793562242705664,1
3723006814724972416,0
3727593530559413376,0
3727881843124118400,0
3728878722213437184,1
3732055520543728256,0
3734224925705249152,0
3737057611255721472,0
3737286408457441280,0
3738606616980353664,1
3739354903362960000,1
3741669684577065216,0
3742799192256205056,0
3744179869623125888,1
3744601257454417152,0
3744968013301724544,0
3750870947633863424,0
3758930363570138880,0
3761187218560633472,1
3766481985523752320,0
3766522426935772672,0
3767438457560599936,1
3769012442815626880,0
3770996820785455616,1
3771045371095746176,0
3772994667772794112,0
3773823149784328832,0
3774467390583556096,0
3779395818311308672,1
3795619765214352384,0
3806885288337214848,0
3813980166288451072,1
3824642199263291136,1
3824642401126670208,0
3824889589379453312,0
3826259821385575296,0
3834806153469378304,0
3839919084402034688,0
3840286974120747008,0
3844661557225496064,0
3845158051150409728,0
3845526597998730368,0
3845583703883921920,0
3847760736906922368,0
3848227342153889280,0
3849270435091240192,0
3849462024992532608,1
3853346290335592320,0
3868458111291375616,0
3873745971947175168,0
3877056983710816768,1
3905852815285854336,0
3917573295704299904,0
3927404445781136128,0
3927916302803458304,0
3928420360164984320,0
3934486949931442176,0
3935488605023787392,0
3937241226560203136,1
3937582831077755648,0
3940518836361346304,0
3955827302395217408,0
3959631234670040704,0
3983291213071411712,1
3986138020473930368,0
3987249901607922944,1
3987913113277693184,0
3992841536709888640,0
3998182792399323904,1
3999131705293611136,0
4022181695259436416,0
4023386553845346688,0
4028265945931548544,0
4030308460578827264,0
4030494071885425536,1
4031612751951454080,0
4034502959999559168,1
4034847759974004992,0
4046679845165833472,0
4077650785664863360,0
4078817195637328256,0
4138688558689197056,0
4141692458814114176,0
4141928132256124288,1
4179369045803815808,0
4185372993465091072,0
4190928692581694464,0
4191051494285910784,0
4216176365771393920,0
4219641098708532736,1
4223152835768422528,0
4224383120559377280,1
4226899245543723008,0
4227410277932475264,0
4228068820974464256,0
4230761967332743808,0
4230984141696772864,0
4231158345569568768,1
4232792524791811968,0
4233362621569490688,0
4237604850972555776,0
4244048534563315200,1
4245906369913936000,0
4246332396307171328,0
4247553850650126720,0
4247677820585740672,0
4249152196959841408,0
4249362886575632128,0
4249651409596042496,0
4249848840652401792,1
4251149700348007680,0
4251296691309336448,0
4299431347569705216,0
4299679566621818880,0
4312741593012039808,0
4331468543718957056,0
4348178715282683264,0
4354000285751333504,0
4354377620100892416,0
4357576103723153792,0
4371689194462064768,0
4376861778195660544,1
4382904797178453504,0
4384071928771180672,0
4386108121227093888,0
4396992255548410752,0
4400430114874888576,1
4400811306108496000,0
4403637222790534016,0
4407008497240994176,0
4407832924803651584,0
4409393647200892416,0
4409987246040338816,0
4410613624072340736,0
4410666778588101504,1
4411592326857777408,1
4414966002195312896,0
4415381450083363968,0
4416909736886261760,0
4420741294390728448,1
4420981434602491520,0
4421118770476595200,0
4421940758497428096,1
4422600328035803264,0
4424381365074769152,0
4425487989169416320,0
4426133093259118336,1
4426202946603971968,0
4429114659552190080,0
4431621992740777088,0
4431934597640476160,0
4431996307731385728,0
4432739337073332352,0
4433996010145129344,0
4434404508777174784,0
4435849168273656704,0
4437211291383115392,0
4437254653372798848,0
4440145853560129408,1
4440350981196959104,0
4440839576673984768,0
4441577864373220736,0
4441701112754039680,0
4442483415276834304,1
4444481090466129664,1
4444499301127148032,0
4444887256933138816,0
4445392207648135680,1
4446608714189510272,0
4447960529371137664,1
4448078069740611712,0
4448190155502458496,0
4449162845336419840,0
4450489165598124800,0
4451111935856224000,1
4452964853466754048,0
4456908526797981056,0
4458009614675393408,0
4458994472154612480,0
4460144011560675584,0
4460901781234718464,0
4462510121927168128,0
4463625890008114944,0
4464184270115888768,1
4466934217416237312,1
4467130720760209152,0
4467169787783133312,0
4471636686912099456,0
4476146922268993280,0
4478542105284317184,0
4479246445565795712,1
4486823725632828800,0
4486951067119146112,0
4486976905642430976,0
4487346891305390592,0
4487798721865489152,0
4490333366746531712,0
4490957928009013760,0
4491274930955326080,1
4492298675061523712,0
4492802221326659456,0
4498196768968750336,1
4498502433203434368,1
4512536977593172864,0
4513771110693512320,0
4514042312099447808,1
4514116288619507072,1
4517402591424764800,0
4517494675527154432,0
4517759382956689152,0
4523666131196149632,0
4524547836450035328,0
4524599135539271296,0
4524684416413227392,1
4526224282435916544,0
4526347084141410432,1
4529196090573006080,1
4529250894356209152,1
4529367923619944960,1
4530301237195101696,0
4532787164268216960,0
4533039639629373824,0
4536427269307514752,1
4538810460760060800,0
4545907052398514432,0
4546882216133354752,0
4546952309999524096,0
4550114402362108416,1
4550175420961718528,0
4551747280210370176,0
4556063035156496768,0
4557081835745623808,0
4557895027682278784,0
4561230774157695232,0
4561537258724807040,0
4562159689682999808,0
4564039545329170816,0
4564266693261925120,1
4564544805281218560,1
4564642112060408960,0
4564990107490999808,0
4565075422721739648,1
4565746159173575168,0
4567834303554972288,0
4568426459286210176,0
4569821602102133632,0
4570629777508086400,0
4571188157616617344,1
4571972212486265216,0
4572125628717747200,0
4572453111383476992,0
4572469019942466304,0
4572736854103176960,0
4572807974464905984,0
4573013999752871296,1
4573408346470682368,1
4574334135261377152,0
4574795066854024192,0
4575043251540692224,1
4577607243942355456,0
4577984720030433536,0
4577987468809529472,0
4578212284575787904,0
4578402912401974656,0
4581048921494269056,0
4581765184598559488,0
4582024527604897792,0
4582414721092817920,0
4592167698469904000,0
4592321286500319360,0
4592825172063276288,0
4593168460209044352,0
4593184093889740672,0
4593604931965047168,0
4594148468665436672,0
4595123151363393664,0
4596420502067288960,0
4598203433188549120,0
4598390934280185728,0
4598511330803479936,0
4598718623105968896,0
4599364895423707520,1
4600260791242031232,0
4600926644314868992,1
4601638307512889088,0
4601722763749694592,0
4601926242120111744,0
4602217921939634432,0
4602241217842241024,0
4603104815507642752,0
4603989200813206272,0
4605158393990687360,0
4605575383775753856,0
4609119659506609664,0
4609493459100758400,0
4610856402545446400,0
4610982060405219712,0
4611122626094849792,1
4612366173745177216,1
4612770892806983040,0
4613908956061964032,0
4614319490511733120,0
4615081761307634176,1
4615248612196910592,1
4615393537281913728,0
4615638663947438848,0
4615698106294220544,0
4615767547325349504,0
4615905291220221184,0
4615927629346704512,0
4616440409785849472,0
4616472055105140608,1
4618618271738874368,0
4618721144795652736,1
4619609820772006272,1
4620063511053559296,0
4623803358121032576,0
4626127867436675328,0
4628627126086089216,0
4628718110675254528,0
4629155441424591360,0
4630122324460633600,0
4631949403548551040,1
4634669286077892224,0
4635106307590339072,1
4641364143659842688,0
4643946965193162624,0
4646524186088873216,0
4646812876610294144,0
4647004122914240640,1
4652608539841142016,1
4653468289213107200,0
4653540341585376896,1
4653674069685812864,0
4657996005080302720,0
4665646686160919040,1
4667419442501873408,0
4669990375565913984,0
4671481790073586048,1
4671937954255702144,0
4672968024852809344,0
4673903262571474688,0
4677213647268641152,0
4677542783497891072,0
4678812719427819904,0
4681744464104246144,0
4682705849583270656,0
4698843175585804032,1
4701593569563170176,0
4704482467645621376,1
4705626543853952896,0
4716670038643363968,0
4720417758386878080,0
4721278675990941824,0
4723810851270083072,1
4725402394350997248,1
4726624673324078976,0
4731045843939280256,1
4731746232846281344,0
4751251259885253120,0
4756263864690143616,0
4759495088833118976,0
4759743097424317184,1
4760261139199793792,0
4760884321775270656,0
4760975959197354496,0
4760991214921156224,1
4761338042120188416,0
4763999135136426880,0
4764154612952739456,1
4764698493251416576,0
4765261099608324480,0
4766451767621692288,0
4768581590363727616,1
4770357576520350848,0
4772768599361943936,0
4774297672143006592,1
4775620835603278592,1
4776572703435004928,0
4779256473879923072,0
4779307463731785088,1
4780618390829870848,0
4782108194725537920,0
4782839331302068224,0
4784841099596111360,0
4785577119551899904,1
4789068103329323648,0
4790020933234390016,1
4790219463802822912,0
4793128221813975936,0
4793627503171687040,0
4793777552149192576,0
4795868032991047168,0
4796165966282498304,0
4799346819062585984,0
4799881521014158976,0
4803001355195099648,0
4806929738442417664,0
4810509439064817152,1
4815765173365005568,0
4818420700104434432,0
4818530857425524736,0
4818534877514902272,0
4818695848592414976,0
4819166924905831040,0
4819562302412127616,0
4820367625959707136,0
4822727865107915904,1
4822902893615171328,1
4822938249786009728,0
4825115076650323584,0
4826145628283417344,0
4826198198683074304,0
4827575749313476096,0
4828337710870960640,0
4829463267180992256,1
4830756636452153984,1
4831348242427292160,0
4833364265716636288,0
4841570573829662848,0
4843383737223292672,0
4844000803764527360,0
4844181295470077952,0
4854583706261465088,0
4856269326305652864,0
4857928695510590976,0
4858508447376046720,0
4860956441296044800,0
4867419714241921152,0
4875239440938880896,0
4876527450091397376,0
4877454200954089088,0
4880439443743424384,0
4883474679951350656,0
4888923825218566272,0
4890810999489081984,0
4891033684953481600,0
4891392160103832192,0
4894595552871931008,1
4894646267845869696,0
4895675994844707712,0
4898792320035364096,1
4899152684971095808,0
4911021775553809664,0
4913790070954918016,1
4914020040683594624,0
4915494520136195840,0
4916399452565698688,0
4919541375760987392,0
4920548631491764352,0
4920702734918061184,0
4921084329876536448,1
4925557113115041920,0
4927860005859630080,0
4927886737735996928,0
4929394649214080896,0
4935623485664450048,0
4935975569903358848,1
4937050445598579456,0
4937070855283184128,0
4943532891278292864,0
4961253720183453184,0
4962221462214625920,0
4966902495530735360,0
4968603165141249792,0
4970534594755662208,0
4973633602637782656,0
4975110384192639744,0
4975866534658142976,0
4979061719744699264,0
4979799492046952576,0
4985145626818096640,0
4990641054653089664,1
4994221476829343488,1
4995308378433240064,0
4997735790869613056,0
4999353271257664896,0
5000693958184790528,0
5000760581717433088,0
5011190823897019520,1
5015999121387949312,0
5016602104733612672,0
5025362802928256640,1
5026270179195363328,0
5026550726459165440,0
5026956858566738688,0
5027175038609503360,0
5030721552020550144,0
5031702144593331712,0
5032132191078791296,0
5033887183435272064,0
5034170342039971328,0
5035737489706306944,0
5036213028485154816,1
5054985505903099392,0
5058959140928424448,0
5059804115612541568,0
5062353402040897792,0
5065081011214228224,0
5071234015722219776,0
5079504821360594944,0
5085311307908331008,0
5085780417119086464,0
5092747133247311360,0
5093494045240239232,0
5095712378669127936,0
5096378407836945408,0
5096876177367014912,1
5105920210260400896,0
5107811542060154624,0
5108772102906758016,0
5109790010155109760,0
5111677871618827520,0
5114186063800472832,0
5122936870687263232,0
5128972498032920320,0
5131456333455351168,1
5135570087491448448,1
5140867259636167424,0
5141474254479109376,0
5142563084524308736,0
5149241067178231552,1
5152094368572046336,0
5153122141361444736,0
5155725991054381952,0
5162123052784577536,0
5164199068176508288,0
5167920915036203008,0
5171303150242289536,0
5177972165005489536,0
5184112288907004928,1
5186434732342771968,0
5190113423373382528,0
5193835373312009984,0
5206254146692323200,0
5211824856714891392,1
5212060049124011904,1
5262163664424670848,1
5265451307273625600,0
5265699758244334336,0
5273260000196736768,0
5275785136027857792,1
5280973147283545344,0
5281707140014531328,0
5284632390700012928,0
5286825950756440832,0
5306775455393745024,0
5387474867209017856,0
5396963377675841536,0
5423525478362753024,0
5433906762213163392,0
5442024044243183232,0
5447021565108738688,0
5451968027402878464,1
5453814382303524608,0
5457091957746794112,0
5457348109596741376,0
5457394701402238336,0
5457435108454471424,0
5465148904077059968,1
5468670738602933504,0
5469332167863288832,0
5471199104247625472,0
5471568608873995776,0
5471843211903037184,1
5472648050117721984,0
5474237501551920640,0
5475084056786116864,1
5480083536158472960,0
5491580506476906752,0
5494762428704591488,0
5495360631749769600,0
5497690015853206656,0
5538507082940921472,0
5539780553619327360,0
5551984518508239744,1
5562023884304074240,0
5581849487702700416,1
5592257426113535104,0
5612229062706949376,0
5626377715769856128,0
5661504084315014656,0
5661517141015578112,0
5666544971466948608,0
5667233368825191424,0
5668467948584287616,1
5682008056323532416,1
5684316515345569920,0
5689377361209703552,0
5689792942245393792,1
5690251576032941824,0
5691862150113852288,0
5726390422998372480,0
5729920061482487168,0
5731011051894375296,0
5734371262508140288,0
5737143547934784384,0
5738020094924278016,1
5738906477390788992,0
5738968320624520576,1
5739615043915301120,0
5741327258397502592,0
5742580804732616576,0
5747322001951403776,0
5753155495252812544,0
5758956484239854336,0
5761288101725095936,0
5762928779232975872,0
5762960596350664832,0
5778358294628396928,0
5790285036556643072,0
5801771089072182400,0
5804428127642370944,0
5811534752335145600,0
5812583823861190784,0
5823037151488582272,0
5862655995759308800,0
5862700251105587968,0
5862958808114896000,0
5863185891612655872,1
5911044299855315200,0
5921754157289957376,0
6037011326971362304,1
6040136413892072192,0
6053870138766153856,0
6094695516583543424,0
6095417723923269760,0
6120102210944695168,1
6120558199028073856,0
6166160302053976960,0
6168330153890961536,0
6171688268561745024,1
6176621506653073792,0
6177372060778142464,1
6179709553779172608,1
6181058207869535872,0
6181916514133975424,1
6183060693421652224,0
6184589353885779968,1
6185038573105018368,0
6186164064990970496,0
6186367234123746944,0
6186957014736936320,1
6187101776610840832,0
6189518743686608512,0
6190573244057180800,1
6191319949891459456,0
6195550733195962752,0
6196248648201755904,0
6216519519450782976,1
6221021675968567680,1
6222249486859838592,0
6223051546232337920,0
6223234473182542464,0
6228783884463217792,0
6229022856443831936,0
6230431773219079424,0
6230540904044182144,1
6232586545427688320,0
6257666302578107008,0
6257981106505278080,0
6260879728392369792,0
6267244388889309440,0
6270083495411808000,1
6270622810160924032,0
6271260629984149760,0
6271693700126412928,0
6271733209529807744,1
6271886011582368256,0
6271979057753637632,0
6273995458999472640,1
6274086099989356800,0
6277921333985675904,0
6278030490578671488,1
6279201990154490496,0
6280904652629558400,1
6283603369559940096,0
6284483047581843840,0
6285227348234148736,0
6291051800627784832,0
6291350043157880192,0
6291448247585182848,0
6292958495525136768,0
6293924583993219456,1
6294503962197612160,0
6296296853345494912,1
6296715458038020224,0
6299273574919162880,0
6304877029771601664,0
6305068482234425600,0
6307356875169802752,0
6308561905553812864,0
6308631037347441280,0
6314662923777368064,0
6319007399163540608,0
6319696591088486784,1
6321504016406290304,0
6323638237194680320,0
6325421301457687296,0
6325540662892631296,0
6325954083560780160,1
6328952378754074368,0
6330387726760562944,1
6331330210088440832,1
6334826867519070336,0
6335746093599431296,1
6336195278459267968,0
6336921024852699648,1
6337033587355850624,0
6339679321569685504,1
6342014134512526080,0
6343331143283809152,0
6343394674440301440,0
6343834891409105664,0
6344690719475611264,1
6345729075065257344,0
6348665870622571648,0
6349320526717984768,0
6349350385330717696,0
6349470330881239424,1
6350389011501373952,0
6351601257431063936,0
6353808698822365312,0
6353977095900182144,0
6354039905501749760,0
6356541530677563136,0
6357016627075851904,1
6357229863612184448,1
6358426991256350592,1
6366240567560939904,1
6368269750629164672,1
6368692066173443200,1
6369895138052631936,0
6372836091139030656,0
6373225352615093120,0
6373401171396546304,0
6375472376424837248,1
6375944410510667648,0
6376187436940164480,0
6378286851313682816,0
6379745044249965824,1
6381104418579463040,1
6382360748052774528,0
6382501210663137408,0
6384029566185251968,0
6384810597398421760,1
6384972809723367808,0
6384973977954481792,0
6385665467688866304,0
6387582775449769344,1
6387649772643380352,0
6389457270976027648,0
6390129416177916928,1
6390633817137530752,1
6391153989216551552,0
6391650281277596032,0
6391778546180703744,0
6392356167742810240,0
6393692417967690240,0
6394226540100907904,0
6396604577594337792,0
6396880864249861632,0
6397332316852305792,0
6399643112336890752,0
6400053367613201280,1
6401641990117009664,0
6401899550715021056,0
6402704942982518784,0
6402944292920483584,1
6404530097924835968,1
6405416373015926656,0
6406278012175484416,0
6410056415164346752,0
6410174234706951808,0
6410840504393992704,0
6412153630514888448,0
6412318385460665984,0
6412953971900940416,0
6412962321317302400,0
6416784803556752000,0
6416838202886668032,0
6422160010963164160,0
6423367377809981696,1
6423384454599994880,0
6424111953340129664,0
6425111718646780800,0
6425116906967210496,1
6425224006271902720,0
6425593888856232704,1
6426406153071044992,0
6427137362663759360,0
6427158081585926528,1
6427212473051667712,0
6427417699470722688,0
6428270890434477184,0
6429036528482072576,0
6429224373168869632,0
6429967711751930368,0
6430124873195906304,0
6430437718612146176,0
6430467645944473344,0
6430717681761712768,0
6433721203933491712,0
6433815761930929408,0
6436060174406130176,0
6438915331219654400,0
6439287618985307776,0
6439593725598673024,1
6440375345222603264,0
6440495020191980800,0
6441202968239375616,0
6441799659456476928,0
6442377521536518912,1
6444927907475050752,0
6445519857049080960,1
6445618675656904704,1
6446572158396829440,0
6447299588417564544,1
6447905144446115712,0
6448016847955672832,0
6448064504912756352,1
6448188440489065344,0
6448307561405485184,1
6448384978192643200,0
6448531144519611008,0
6448543995061870592,0
6448625187123432064,0
6449638730686535168,1
6451186636899257728,0
6451914891553780992,1
6451927879534896640,0
6453608620496616832,0
6454049077984039936,0
6455294377981864320,0
6456010297489645184,0
6456781742335108992,0
6457665096848737280,0
6458088786782625024,0
6458289756891994240,0
6459013063744303232,1
6459535434846680704,1
6460616357855932672,0
6460777092712151808,1
6461495073805073920,0
6462814693917093120,0
6463271987674734464,0
6465451597678741760,0
6466786576593357440,0
6468062765995578368,0
6468686528389833472,1
6469059164048507008,0
6469131972334187520,1
6470065629505057152,0
6473242152957486592,0
6473704188359246080,0
6473878014276158336,1
6474056169519221632,0
6474108430681052672,1
6474852834412549632,0
6476519109924854528,0
6477014199394949120,1
6477389854416222592,1
6478597977175117440,0
6478950370652017920,0
6479094853352042624,0
6479112853558862080,0
6479757549625889536,0
6485057779787598080,0
6485171957198411264,1
6485457589702445440,0
6487737869443089536,0
6494992795056667648,0
6496717757002296064,1
6498464296863190528,1
6499114417472798592,0
6504937121816313984,0
6506031032807153152,0
6506045390880965504,0
6509784250107379968,0
6509847192852210048,1
6512436478313050496,1
6515442543103530624,0
6515977489868764288,0
6516769619278068864,0
6519109929778071296,1
6527251469785220352,0
6528475535463232512,1
6534198699642972160,0
6539302529543326592,0
6543233004436306432,0
6554722522989244800,0
6556351385041521536,0
6556591593972415488,1
6561874128869640832,0
6562925846101484544,0
6563704506492363392,0
6565865734035549056,1
6566180331799837056,0
6568283285227349760,0
6568616364234744320,0
6569350533062290432,0
6569423959823272960,0
6570203444846881536,0
6571723863269606528,1
6574414299502733824,1
6575613626170105472,0
6578192255815887232,0
6578571037571060096,0
6578803240683589888,1
6580587198299411200,1
6580759168790524032,0
6580856578648963840,0
6581575006418103552,1
6581669908015862656,1
6581675302494796416,0
6581816761537240704,0
6582341469102003968,0
6585250261471984256,1
6585935703894167936,0
6587335519633433472,1
6588673900161571584,0
6589808871040462848,1
6590746513940678784,0
6592736629986454016,1
6592946838570428416,0
6593532985642535168,1
6594952661312285824,0
6595995651170373504,0
6596864643313366016,1
6597556579724894592,1
6601131676142148096,0
6601578971216415104,0
6601695863046409600,0
6608104778885492992,0
6609121449184225536,0
6610248001926052096,0
6613267462718776832,0
6616134404928953088,0
6617824427315385984,0
6621327986757744512,0
6622906679296639744,0
6624702899044054784,0
6627639424019259648,1
6629436197824489984,1
6629536425178621568,0
6637864504204014080,0
6639168696791514368,0
6640334866311748224,0
6640487526629272704,0
6640743437960577152,1
6641433278427809280,0
6641757084602101248,0
6642235406520398720,1
6642273202231781504,0
6642371505443514112,1
6642606629132975488,0
6642621850497112192,0
6643833954691237120,0
6646081051517197568,0
6648681877555723776,0
6651115985843036800,1
6657580461377719936,1
6658153139435783424,0
6661438686337856512,0
6665531824528918784,0
6665811169201939840,1
6665837488761605760,0
6666454761461308800,0
6667411474016698496,0
6667441813665261696,1
6667701160970656896,0
6667704627008655872,0
6667819869569857920,0
6668344783293375488,0
6668388287018536832,0
6668859771348475136,1
6669943541920078592,0
6670587997468997376,0
6670645477014500608,0
6671678609924553856,0
6673318222279804160,0
6674565274623506560,0
6675436259631424896,1
6675945058637750528,0
6675995189496107776,1
6678350480842304384,0
6678426312784294272,0
6678479845256836224,0
6679419343582194688,0
6679452500729968640,0
6685968378435300096,0
6687026108621705216,0
6687379429811155584,0
6687757249494752896,0
6688554361064931456,0
6688590370070940672,0
6690275234201495040,0
6690444112316307072,0
6691104334688227712,1
6692773045444107008,1
6693254326596860288,0
6694336692715099904,1
6694581570275112064,0
6695023475165772928,0
6696646423047419264,0
6699123622745038336,1
6701271965386757120,0
6703554375433388416,0
6705178908161092352,0
6705587204931977728,0
6708871102566549632,0
6711368192251441408,0
6712801817976461056,0
6716184298001038976,0
6731365839161025408,0
6743082402563768064,0
6753413448178338944,0
6753564738407011712,0
6758081940189907072,0
6759580334024198528,0
6773414118739965312,0
6774437145590631808,0
6774813350366290816,0
6775680658881588352,0
6775851907817655424,0
6777605560144480000,0
6778673838770454784,0
6779145357461033472,0
6780966389233959168,0
6781157154501196288,0
6782061777693734784,0
6785584917889642880,0
6785706005902423680,0
6787278822928715392,0
6790972185563668864,0
6791026886266626304,0
6793081426823806848,0
6794011338783487488,0
6795208432068641920,0
6796092984875283072,0
6796382710486788224,0
6796582203127428608,0
6796915526949524096,0
6797167143313892096,0
6797518368559429888,1
6798551497173711744,0
6798823042186363648,0
6799110667555233408,0
6799439902569106048,0
6799696054418030848,0
6801342332560627200,0
6801936756037265152,0
6803823552347267968,0
6804012943225234432,0
6804485252188569728,0
6806518489708773120,1
6813473824169554816,1
6815543349866435968,0
6815719237366956032,1
6816517792048309504,0
6817109050128759808,0
6817299093841252864,0
6817590399998925440,0
6817594385728599808,0
6817905341360668928,0
6818619744745630592,0
6819214275593537920,1
6819780283563828352,0
6820033441820640384,0
6820445213220865664,0
6820980881541729024,0
6821150133317605888,0
6821883198335627520,0
6822184640615803264,0
6822231953975577600,0
6822573416760233216,0
6825590343522704128,0
6825799525610554368,0
6825916554879185664,0
6826541043124138496,1
6826626049116784896,0
6826638521701833472,0
6828024043791947648,1
6828461748203379328,0
6830753164795913088,1
6832212598979053696,0
6832903023561174016,0
6833435565146836864,0
6833501737706325376,0
6833718925613447936,1
6834249719146775296,0
6835809750052382848,0
6837666176652049792,0
6838441946529180800,0
6840990859296539520,0
6841127812918581888,0
6842243542341935488,0
6842820854666137216,0
6844064264878245504,0
6848019143781379200,0
6848145828137560832,0
6848203243260741120,1
6848741076244761088,1
6848992520809972608,0
6849063198791882240,0
6849752523863695616,1
6852819267951426560,1
6854589550392320256,1
6855466823230664320,0
6855600654412052096,0
6856495794318047232,0
6857100903667687808,1
6857162888635380352,1
6859761240771134080,0
6860071028173329152,0
6860088414201273216,0
6860561685237891584,0
6861252762653540480,0
6861373159177163648,0
6861501321001347328,0
6861875051874827008,0
6863088397315654656,0
6863132618299206784,0
6863175705410950016,0
6863440653353666048,0
6863734326040601856,0
6870849781179445504,0
6873498779569392512,0
6874384367465624448,0
6875218759351073664,0
6876083181649488000,0
6880570941438210176,0
6881023218675316864,0
6882800746720128256,0
6884791966573311360,0
6885184281769958272,0
6886008159577428736,1
6886550768565402368,0
6886766582082317440,0
6887079500514807424,0
6887781534394985216,0
6888269309535155456,0
6888614453106982784,0
6889536148794473728,0
6889982657888915456,0
6890775126599722240,1
6899029954958005248,0
6901505848986447616,0
6902139575705449344,1
6903037846640842112,0
6904512841490841472,0
6904737588539056128,0
6904741952225560576,0
6909349936736654336,0
6913373354725177472,0
6914530384555510656,0
6914563236760537984,0
